{
  "src/Stud/manage.py": {
    "classes": {},
    "functions": [
      "main"
    ]
  },
  "src/Stud/room/models.py": {
    "classes": {
      "Image": {
        "methods": [
          "__str__"
        ]
      }
    },
    "functions": []
  },
  "src/Stud/room/apps.py": {
    "classes": {
      "RoomConfig": {
        "methods": []
      }
    },
    "functions": []
  },
  "src/Stud/room/forms.py": {
    "classes": {
      "ImageForm": {
        "methods": []
      }
    },
    "functions": []
  },
  "src/Stud/room/views.py": {
    "classes": {},
    "functions": [
      "yourroom",
      "upload_image",
      "image_list",
      "delete_image",
      "login"
    ]
  },
  "src/Stud/room/migrations/0004_alter_image_title.py": {
    "classes": {
      "Migration": {
        "methods": []
      }
    },
    "functions": []
  },
  "src/Stud/room/migrations/0002_room.py": {
    "classes": {
      "Migration": {
        "methods": []
      }
    },
    "functions": []
  },
  "src/Stud/room/migrations/0005_alter_room_roomprivacy.py": {
    "classes": {
      "Migration": {
        "methods": []
      }
    },
    "functions": []
  },
  "src/Stud/room/migrations/0006_delete_room.py": {
    "classes": {
      "Migration": {
        "methods": []
      }
    },
    "functions": []
  },
  "src/Stud/room/migrations/0001_initial.py": {
    "classes": {
      "Migration": {
        "methods": []
      }
    },
    "functions": []
  },
  "src/Stud/room/migrations/0003_alter_room_roomprivacy.py": {
    "classes": {
      "Migration": {
        "methods": []
      }
    },
    "functions": []
  },
  "src/Stud/mainpage/apps.py": {
    "classes": {
      "MainPageConfig": {
        "methods": []
      }
    },
    "functions": []
  },
  "src/Stud/mainpage/views.py": {
    "classes": {},
    "functions": [
      "home",
      "yourroom",
      "contact",
      "explore"
    ]
  },
  "src/Stud/account/signals.py": {
    "classes": {},
    "functions": [
      "create_user_profile",
      "save_user_profile"
    ]
  },
  "src/Stud/account/models.py": {
    "classes": {
      "Profile": {
        "methods": [
          "__str__"
        ]
      }
    },
    "functions": []
  },
  "src/Stud/account/tokens.py": {
    "classes": {
      "AppTokenGenerator": {
        "methods": [
          "_make_hash_value"
        ]
      }
    },
    "functions": []
  },
  "src/Stud/account/apps.py": {
    "classes": {
      "AccountConfig": {
        "methods": [
          "ready"
        ]
      }
    },
    "functions": []
  },
  "src/Stud/account/views.py": {
    "classes": {},
    "functions": [
      "index",
      "signup",
      "signin",
      "signout",
      "activate",
      "forgot",
      "me"
    ]
  },
  "src/Stud/account/migrations/0004_alter_profile_role.py": {
    "classes": {
      "Migration": {
        "methods": []
      }
    },
    "functions": []
  },
  "src/Stud/account/migrations/0006_alter_profile_role.py": {
    "classes": {
      "Migration": {
        "methods": []
      }
    },
    "functions": []
  },
  "src/Stud/account/migrations/0010_alter_profile_role.py": {
    "classes": {
      "Migration": {
        "methods": []
      }
    },
    "functions": []
  },
  "src/Stud/account/migrations/0008_alter_profile_role.py": {
    "classes": {
      "Migration": {
        "methods": []
      }
    },
    "functions": []
  },
  "src/Stud/account/migrations/0002_alter_profile_birthday.py": {
    "classes": {
      "Migration": {
        "methods": []
      }
    },
    "functions": []
  },
  "src/Stud/account/migrations/0012_merge_20240813_0920.py": {
    "classes": {
      "Migration": {
        "methods": []
      }
    },
    "functions": []
  },
  "src/Stud/account/migrations/0014_alter_profile_role.py": {
    "classes": {
      "Migration": {
        "methods": []
      }
    },
    "functions": []
  },
  "src/Stud/account/migrations/0013_alter_profile_role.py": {
    "classes": {
      "Migration": {
        "methods": []
      }
    },
    "functions": []
  },
  "src/Stud/account/migrations/0005_alter_profile_role.py": {
    "classes": {
      "Migration": {
        "methods": []
      }
    },
    "functions": []
  },
  "src/Stud/account/migrations/0002_profile_role.py": {
    "classes": {
      "Migration": {
        "methods": []
      }
    },
    "functions": []
  },
  "src/Stud/account/migrations/0003_alter_profile_birthday.py": {
    "classes": {
      "Migration": {
        "methods": []
      }
    },
    "functions": []
  },
  "src/Stud/account/migrations/0011_alter_profile_role.py": {
    "classes": {
      "Migration": {
        "methods": []
      }
    },
    "functions": []
  },
  "src/Stud/account/migrations/0007_alter_profile_role.py": {
    "classes": {
      "Migration": {
        "methods": []
      }
    },
    "functions": []
  },
  "src/Stud/account/migrations/0001_initial.py": {
    "classes": {
      "Migration": {
        "methods": []
      }
    },
    "functions": []
  },
  "src/Stud/account/migrations/0009_alter_profile_role.py": {
    "classes": {
      "Migration": {
        "methods": []
      }
    },
    "functions": []
  },
  "src/Stud/account/migrations/0003_alter_profile_role.py": {
    "classes": {
      "Migration": {
        "methods": []
      }
    },
    "functions": []
  },
  "src/Stud/account/management/commands/create_profiles.py": {
    "classes": {
      "Command": {
        "methods": [
          "handle"
        ]
      }
    },
    "functions": []
  }
}